first_name,last_name,address,city,province,postal_code,email,phone_number
"Billi","Bendle","Suite 43","South River","Ontario","P3Y","bbendle0@ocn.ne.jp","373 814 1786"
"Alanna","Dami","Apt 769","Hudson","Québec","J0N","adami1@state.tx.us","588 476 8937"
"Bradney","Melland","Room 95","Carleton Place","Ontario","K7C","bmelland2@edublogs.org","605 355 6787"
"Marcy","Saxon","PO Box 27636","Antigonish","Nova Scotia","B2G","msaxon3@tinypic.com","788 336 3834"
"Gothart","Colcutt","Room 1373","Little Current","Ontario","J6A","gcolcutt4@youku.com","635 360 2445"
"Dyanna","Dann","Apt 53","Pincher Creek","Alberta","J0J","ddann5@ox.ac.uk","861 825 6154"
"Baily","Stegers","Room 1754","Newmarket","Ontario","L9N","bstegers6@google.cn","981 629 4998"
"Aloin","Meddows","PO Box 91250","Lloydminster","Saskatchewan","S9V","ameddows7@google.nl","493 800 7160"
"Omar","Gherardesci","Suite 83","Cookshire-Eaton","Québec","M4C","ogherardesci8@stumbleupon.com","704 801 4742"
"Averil","Bradfield","PO Box 76280","Windsor","Ontario","J1S","abradfield9@themeforest.net","463 693 3398"
"Francine","Kanwell","Room 1395","Saint John","New Brunswick","E2L","fkanwella@omniture.com","690 111 9261"
"Tailor","Kindell","Suite 98","Forestville","Québec","G2B","tkindellb@sun.com","298 212 0794"
"Hedvig","Huckin","Suite 60","Vaughan","Ontario","M3N","hhuckinc@gravatar.com","259 688 7068"
"Gilbertine","Colls","Apt 539","Melita","Manitoba","M5L","gcollsd@blogspot.com","876 180 0152"
"Appolonia","Falco","PO Box 86104","Lions Bay","British Columbia","K4K","afalcoe@skype.com","538 447 1361"
"Bobby","Buxton","PO Box 54658","Bancroft","Ontario","S4X","bbuxtonf@shutterfly.com","828 809 1076"
"Meghan","Keppy","Suite 13","Kitchener","Ontario","N2R","mkeppyg@ibm.com","466 987 9751"
"Bobette","Barnaby","1st Floor","Wolfville","Nova Scotia","B4P","bbarnabyh@sohu.com","253 840 7884"
"Donella","Rosier","Room 996","Les Cèdres","Québec","J6S","drosieri@europa.eu","655 505 9488"
"Selig","Mortlock","Suite 55","Dorval","Québec","H9S","smortlockj@elegantthemes.com","133 106 7846"
